{
  "project_info": {
    "project_number": "393435643490",
    "project_id": "smartstudy-dc3cd",
    "storage_bucket": "smartstudy-dc3cd.appspot.com"
  },
  "client": [
    {
      "client_info": {
        "mobilesdk_app_id": "1:393435643490:android:d40fab263e862eebc79b3b",
        "android_client_info": {
          "package_name": "com.mycompany.smartstudy"
        }
      },
      "oauth_client": [],
      "api_key": [
        {
          "current_key": "AIzaSyCT6WF4_r6hzqhldO0vOP1v86LqjJQ_HI8"
        }
      ],
      "services": {
        "appinvite_service": {
          "other_platform_oauth_client": []
        }
      }
    }
  ],
  "configuration_version": "1"
}